{
    "status": "ok",
    "autonomias": [{
            "source": {
                "id": null,
                "name": "Andalucía",
                "description": "Andalucía es una comunidad autónoma española reconocida como nacionalidad histórica por su Estatuto de Autonomía, compuesta por las provincias de Almería, Cádiz, Córdoba, Granada, Huelva, Jaén, Málaga y Sevilla. Su capital es Sevilla, sede del Consejo de Gobierno de la Junta de Andalucía y del Parlamento. La sede del Tribunal Superior de Justicia de Andalucía se encuentra en Granada.Es la comunidad autónoma más poblada del país y la segunda más extensa tras Castilla y León"
            
            },
            
            "provincias": [{
                    "name": "Sevilla",
                    "temp": 24
                },
                {
                    "name": "Málaga",
                    "temp": 24
                },
                {
                    "name": "Granada",
                    "temp": 28
                },
                {
                    "name": "Jaen",
                    "temp": 29
                },
                {
                    "name": "Almería",
                    "temp": 30
                },
                {
                    "name": "Córdoba",
                    "temp": 29
                },
                {
                    "name": "Cádiz",
                    "temp": 24
                },
                {
                    "name": "Huelva",
                    "temp": 26
                }
            ]

        },
        {
            "source": {
                "id": null,
                "name": "Madrid",
                "description": "Madrid es un municipio y una ciudad de España. La localidad, con categoría histórica de villa,  es la capital del Estado y de la Comunidad de Madrid. En su término municipal, el más poblado de España, viven 3 305 408 personas empadronadas, según el INE de 2021, lo que la convierte en la segunda ciudad más poblada de la Unión Europea, por detrás de Berlín. Su área metropolitana tiene 6 779 888 habitantes,la segunda más poblada de la Unión Europea tras la de París."

            },
            "provincias": [{
                "name": "Madrid",
                "temp": 20
            }]

        },
        {
            "source": {
                "id": null,
                "name": "Castilla-La Mancha",
                "description": "Castilla-La Mancha es una comunidad autónoma de España, de acuerdo con su Estatuto de Autonomía y la Constitución española. Está formada por 919 municipios que integran las provincias de Albacete, Ciudad Real, Cuenca, Guadalajara y Toledo. Su máximo órgano ejecutivo y legislativo es la Junta de Comunidades de Castilla-La Mancha, que tiene su sede en Toledo, y su ciudad más poblada es Albacete, sede del máximo órgano judicial, el Tribunal Superior de Justicia de Castilla-La Mancha."
            },
            "provincias": [{
                    "name": "Toledo",
                    "temp": 14
                },
                {
                    "name": "Ciudad Real",
                    "temp": 16
                },
                {
                    "name": "Cuenca",
                    "temp": 12
                },
                {
                    "name": "Guadalajara",
                    "temp": 15
                },
                {
                    "name": "Albacete",
                    "temp": 13
                }

            ]

        },
        {
            "source": {
                "id": null,
                "name": "Castilla León",
                "description": "es una comunidad autónoma española, referida como «comunidad histórica y cultural» en su Estatuto de Autonomía.nota 4​ Se constituyó como preautonomía en 197815​ y adquirió su estatus de comunidad autónoma en 1983. Su territorio se sitúa en la parte norte de la meseta de la península ibérica y se corresponde mayoritariamente con la parte española de la cuenca hidrográfica del Duero. Está compuesta por nueve provincias: Ávila, Burgos, León, Palencia, Salamanca, Segovia, Soria, Valladolid y Zamora. Es la mayor región de España y una de las más extensas de Europa, con una superficie de 94 226 km²;1​ asimismo es la sexta más poblada a nivel nacional, con 2 394 918 habitantes en 2020.16​"
            },
            "provincias": [{
                    "name": "Segovia",
                    "temp": 9
                },
                {
                    "name": "Ávila",
                    "temp": 11
                },
                {
                    "name": "Burgos",
                    "temp": 8
                },
                {
                    "name": "Leon",
                    "temp": 7
                },
                {
                    "name": "Zamora",
                    "temp": 6
                },
                {
                    "name": "Soria",
                    "temp": 5
                },
                {
                    "name": "Palencia",
                    "temp": 10
                },
                {
                    "name": "Valladolid",
                    "temp": 10
                },
                {
                    "name": "Salamanca",
                    "temp": 11
                }

            ]
        },
        {
            "source": {
                "id": null,
                "name": "Asturias",
                "description": "El Principado de Asturias (en asturiano, Principáu d'Asturies; en eonaviego, Principao d'Asturias) es una comunidad autónoma uniprovincial de España, con una población de 1 028 244 habitantes (INE 2018).6​ Bañada al norte por las aguas del mar Cantábrico, limita al oeste con la provincia de Lugo (Galicia), al sur con la provincia de León (Castilla y León) y al este con Cantabria. Recibe el nombre de Principado por razones históricas, al ostentar el heredero de la corona de Castilla y, por extensión, de la corona de España el título nobiliario de príncipe de Asturias, establecido por Juan I de Castilla en el año 1388. Oviedo es, según el estatuto de autonomía, sede de las instituciones del Principado de Asturias; la ciudad más poblada de la comunidad es Gijón."
            },
            "provincias": [{
                "name": "Oviedo",
                "temp": 12
            }]
        },
        {
            "source": {
                "id": null,
                "name": "Cantabria",
                "description": "Cantabria es una comunidad autónoma española de carácter uniprovincial, definida como comunidad histórica en su Estatuto de Autonomía.5​ Limita al este con la provincia de Vizcaya (País Vasco), al sur con las provincias de Burgos, León y Palencia (Castilla y León), al oeste con el Principado de Asturias y al norte con el mar Cantábrico. La ciudad de Santander es su capital y municipio más poblado, seguido por el de Torrelavega. Tiene una fuerte vinculación histórica con el ducado de Cantabria, las Asturias de Santillana, la Hermandad de las Cuatro Villas y la provincia de los Nueve Valles."
            },
            "provincias": [{
                "name": "Santander",
                "temp": 12
            }]
        }

    ]
}
